i,lookup[i]
0,-110.949
1,-110.649
2,-110.35
3,-110.052
4,-109.755
5,-109.458
6,-109.162
7,-108.867
8,-108.572
9,-108.278
10,-107.985
11,-107.692
12,-107.4
13,-107.109
14,-106.818
15,-106.528
16,-106.239
17,-105.951
18,-105.663
19,-105.376
20,-105.089
21,-104.803
22,-104.518
23,-104.234
24,-103.95
25,-103.667
26,-103.384
27,-103.102
28,-102.821
29,-102.54
30,-102.261
31,-101.981
32,-101.703
33,-101.425
34,-101.147
35,-100.871
36,-100.595
37,-100.319
38,-100.045
39,-99.7704
40,-99.4969
41,-99.224
42,-98.9518
43,-98.6802
44,-98.4092
45,-98.1388
46,-97.869
47,-97.5999
48,-97.3313
49,-97.0634
50,-96.7961
51,-96.5294
52,-96.2633
53,-95.9978
54,-95.733
55,-95.4687
56,-95.205
57,-94.9419
58,-94.6794
59,-94.4176
60,-94.1563
61,-93.8955
62,-93.6354
63,-93.3759
64,-93.1169
65,-92.8586
66,-92.6008
67,-92.3436
68,-92.087
69,-91.8309
70,-91.5754
71,-91.3205
72,-91.0662
73,-90.8124
74,-90.5592
75,-90.3066
76,-90.0545
77,-89.803
78,-89.5521
79,-89.3017
80,-89.0518
81,-88.8025
82,-88.5538
83,-88.3056
84,-88.058
85,-87.8109
86,-87.5644
87,-87.3184
88,-87.0729
89,-86.828
90,-86.5836
91,-86.3398
92,-86.0965
93,-85.8537
94,-85.6115
95,-85.3698
96,-85.1286
97,-84.8879
98,-84.6478
99,-84.4082
100,-84.1691
101,-83.9306
102,-83.6925
103,-83.455
104,-83.218
105,-82.9815
106,-82.7455
107,-82.51
108,-82.275
109,-82.0405
110,-81.8066
111,-81.5731
112,-81.3402
113,-81.1077
114,-80.8757
115,-80.6443
116,-80.4133
117,-80.1828
118,-79.9528
119,-79.7233
120,-79.4943
121,-79.2658
122,-79.0378
123,-78.8102
124,-78.5832
125,-78.3566
126,-78.1305
127,-77.9048
128,-77.6797
129,-77.455
130,-77.2308
131,-77.007
132,-76.7838
133,-76.561
134,-76.3386
135,-76.1168
136,-75.8953
137,-75.6744
138,-75.4539
139,-75.2339
140,-75.0143
141,-74.7952
142,-74.5765
143,-74.3583
144,-74.1406
145,-73.9233
146,-73.7064
147,-73.49
148,-73.274
149,-73.0585
150,-72.8434
151,-72.6288
152,-72.4146
153,-72.2008
154,-71.9875
155,-71.7746
156,-71.5621
157,-71.3501
158,-71.1385
159,-70.9273
160,-70.7166
161,-70.5063
162,-70.2964
163,-70.0869
164,-69.8779
165,-69.6692
166,-69.461
167,-69.2532
168,-69.0459
169,-68.8389
170,-68.6324
171,-68.4262
172,-68.2205
173,-68.0152
174,-67.8103
175,-67.6058
176,-67.4017
177,-67.198
178,-66.9947
179,-66.7918
180,-66.5893
181,-66.3872
182,-66.1855
183,-65.9842
184,-65.7833
185,-65.5827
186,-65.3826
187,-65.1829
188,-64.9835
189,-64.7845
190,-64.586
191,-64.3878
192,-64.1899
193,-63.9925
194,-63.7955
195,-63.5988
196,-63.4025
197,-63.2066
198,-63.011
199,-62.8158
200,-62.621
201,-62.4266
202,-62.2325
203,-62.0388
204,-61.8455
205,-61.6525
206,-61.4599
207,-61.2677
208,-61.0758
209,-60.8843
210,-60.6932
211,-60.5024
212,-60.3119
213,-60.1218
214,-59.9321
215,-59.7427
216,-59.5537
217,-59.365
218,-59.1767
219,-58.9887
220,-58.8011
221,-58.6138
222,-58.4268
223,-58.2402
224,-58.0539
225,-57.868
226,-57.6824
227,-57.4972
228,-57.3123
229,-57.1277
230,-56.9435
231,-56.7595
232,-56.576
233,-56.3927
234,-56.2098
235,-56.0272
236,-55.8449
237,-55.663
238,-55.4814
239,-55.3001
240,-55.1191
241,-54.9384
242,-54.7581
243,-54.5781
244,-54.3984
245,-54.219
246,-54.0399
247,-53.8612
248,-53.6827
249,-53.5046
250,-53.3268
251,-53.1493
252,-52.9721
253,-52.7952
254,-52.6186
255,-52.4423
256,-52.2663
257,-52.0906
258,-51.9152
259,-51.7401
260,-51.5653
261,-51.3908
262,-51.2166
263,-51.0427
264,-50.8691
265,-50.6958
266,-50.5228
267,-50.3501
268,-50.1776
269,-50.0054
270,-49.8336
271,-49.662
272,-49.4907
273,-49.3197
274,-49.1489
275,-48.9785
276,-48.8083
277,-48.6384
278,-48.4688
279,-48.2994
280,-48.1304
281,-47.9616
282,-47.7931
283,-47.6248
284,-47.4569
285,-47.2891
286,-47.1217
287,-46.9545
288,-46.7876
289,-46.621
290,-46.4546
291,-46.2885
292,-46.1227
293,-45.9571
294,-45.7918
295,-45.6267
296,-45.4619
297,-45.2974
298,-45.1331
299,-44.9691
300,-44.8053
301,-44.6418
302,-44.4785
303,-44.3155
304,-44.1527
305,-43.9902
306,-43.8279
307,-43.6659
308,-43.5041
309,-43.3426
310,-43.1813
311,-43.0202
312,-42.8594
313,-42.6988
314,-42.5385
315,-42.3784
316,-42.2186
317,-42.0589
318,-41.8996
319,-41.7404
320,-41.5815
321,-41.4228
322,-41.2644
323,-41.1062
324,-40.9482
325,-40.7904
326,-40.6329
327,-40.4756
328,-40.3185
329,-40.1617
330,-40.005
331,-39.8486
332,-39.6924
333,-39.5365
334,-39.3807
335,-39.2252
336,-39.0699
337,-38.9148
338,-38.7599
339,-38.6053
340,-38.4508
341,-38.2966
342,-38.1426
343,-37.9888
344,-37.8352
345,-37.6818
346,-37.5286
347,-37.3756
348,-37.2229
349,-37.0703
350,-36.9179
351,-36.7658
352,-36.6138
353,-36.4621
354,-36.3105
355,-36.1592
356,-36.008
357,-35.8571
358,-35.7063
359,-35.5558
360,-35.4054
361,-35.2553
362,-35.1053
363,-34.9555
364,-34.8059
365,-34.6565
366,-34.5073
367,-34.3583
368,-34.2094
369,-34.0608
370,-33.9123
371,-33.764
372,-33.616
373,-33.468
374,-33.3203
375,-33.1728
376,-33.0254
377,-32.8782
378,-32.7312
379,-32.5844
380,-32.4377
381,-32.2913
382,-32.145
383,-31.9988
384,-31.8529
385,-31.7071
386,-31.5615
387,-31.4161
388,-31.2708
389,-31.1257
390,-30.9808
391,-30.836
392,-30.6914
393,-30.547
394,-30.4027
395,-30.2586
396,-30.1147
397,-29.9709
398,-29.8273
399,-29.6839
400,-29.5406
401,-29.3974
402,-29.2545
403,-29.1116
404,-28.969
405,-28.8265
406,-28.6841
407,-28.5419
408,-28.3999
409,-28.258
410,-28.1163
411,-27.9747
412,-27.8332
413,-27.6919
414,-27.5508
415,-27.4098
416,-27.2689
417,-27.1282
418,-26.9877
419,-26.8473
420,-26.707
421,-26.5668
422,-26.4269
423,-26.287
424,-26.1473
425,-26.0077
426,-25.8683
427,-25.729
428,-25.5898
429,-25.4508
430,-25.3119
431,-25.1732
432,-25.0345
433,-24.8961
434,-24.7577
435,-24.6195
436,-24.4814
437,-24.3434
438,-24.2056
439,-24.0678
440,-23.9303
441,-23.7928
442,-23.6555
443,-23.5183
444,-23.3812
445,-23.2442
446,-23.1074
447,-22.9707
448,-22.8341
449,-22.6976
450,-22.5612
451,-22.425
452,-22.2889
453,-22.1529
454,-22.017
455,-21.8812
456,-21.7455
457,-21.61
458,-21.4745
459,-21.3392
460,-21.204
461,-21.0689
462,-20.9339
463,-20.799
464,-20.6643
465,-20.5296
466,-20.395
467,-20.2606
468,-20.1262
469,-19.992
470,-19.8578
471,-19.7238
472,-19.5899
473,-19.456
474,-19.3223
475,-19.1887
476,-19.0551
477,-18.9217
478,-18.7884
479,-18.6551
480,-18.522
481,-18.3889
482,-18.256
483,-18.1231
484,-17.9904
485,-17.8577
486,-17.7251
487,-17.5926
488,-17.4602
489,-17.3279
490,-17.1957
491,-17.0636
492,-16.9315
493,-16.7996
494,-16.6677
495,-16.5359
496,-16.4042
497,-16.2726
498,-16.141
499,-16.0096
500,-15.8782
501,-15.7469
502,-15.6157
503,-15.4846
504,-15.3535
505,-15.2226
506,-15.0917
507,-14.9609
508,-14.8301
509,-14.6995
510,-14.5689
511,-14.4383
512,-14.3079
513,-14.1775
514,-14.0472
515,-13.917
516,-13.7868
517,-13.6568
518,-13.5267
519,-13.3968
520,-13.2669
521,-13.1371
522,-13.0073
523,-12.8777
524,-12.748
525,-12.6185
526,-12.489
527,-12.3596
528,-12.2302
529,-12.1009
530,-11.9716
531,-11.8425
532,-11.7133
533,-11.5843
534,-11.4553
535,-11.3263
536,-11.1974
537,-11.0686
538,-10.9398
539,-10.8111
540,-10.6824
541,-10.5538
542,-10.4252
543,-10.2967
544,-10.1682
545,-10.0398
546,-9.91147
547,-9.78316
548,-9.6549
549,-9.52668
550,-9.39851
551,-9.27039
552,-9.14231
553,-9.01428
554,-8.8863
555,-8.75836
556,-8.63046
557,-8.5026
558,-8.37479
559,-8.24702
560,-8.11929
561,-7.99159
562,-7.86394
563,-7.73633
564,-7.60876
565,-7.48122
566,-7.35372
567,-7.22625
568,-7.09883
569,-6.97143
570,-6.84407
571,-6.71675
572,-6.58946
573,-6.4622
574,-6.33497
575,-6.20777
576,-6.0806
577,-5.95347
578,-5.82636
579,-5.69928
580,-5.57223
581,-5.4452
582,-5.31821
583,-5.19123
584,-5.06429
585,-4.93737
586,-4.81047
587,-4.68359
588,-4.55674
589,-4.42991
590,-4.30311
591,-4.17632
592,-4.04955
593,-3.92281
594,-3.79608
595,-3.66937
596,-3.54268
597,-3.416
598,-3.28934
599,-3.1627
600,-3.03608
601,-2.90946
602,-2.78286
603,-2.65628
604,-2.52971
605,-2.40315
606,-2.2766
607,-2.15006
608,-2.02353
609,-1.89702
610,-1.77051
611,-1.64401
612,-1.51752
613,-1.39103
614,-1.26455
615,-1.13808
616,-1.01161
617,-0.885152
618,-0.758694
619,-0.63224
620,-0.505788
621,-0.379339
622,-0.252892
623,-0.126446
624,-5.55896e-15
625,0.126446
626,0.252892
627,0.379339
628,0.505788
629,0.63224
630,0.758694
631,0.885152
632,1.01161
633,1.13808
634,1.26455
635,1.39103
636,1.51752
637,1.64401
638,1.77051
639,1.89702
640,2.02353
641,2.15006
642,2.2766
643,2.40315
644,2.52971
645,2.65628
646,2.78286
647,2.90946
648,3.03608
649,3.1627
650,3.28934
651,3.416
652,3.54268
653,3.66937
654,3.79608
655,3.92281
656,4.04955
657,4.17632
658,4.30311
659,4.42991
660,4.55674
661,4.68359
662,4.81047
663,4.93737
664,5.06429
665,5.19123
666,5.31821
667,5.4452
668,5.57223
669,5.69928
670,5.82636
671,5.95347
672,6.0806
673,6.20777
674,6.33497
675,6.4622
676,6.58946
677,6.71675
678,6.84407
679,6.97143
680,7.09883
681,7.22625
682,7.35372
683,7.48122
684,7.60876
685,7.73633
686,7.86394
687,7.99159
688,8.11929
689,8.24702
690,8.37479
691,8.5026
692,8.63046
693,8.75836
694,8.8863
695,9.01428
696,9.14231
697,9.27039
698,9.39851
699,9.52668
700,9.6549
701,9.78316
702,9.91147
703,10.0398
704,10.1682
705,10.2967
706,10.4252
707,10.5538
708,10.6824
709,10.8111
710,10.9398
711,11.0686
712,11.1974
713,11.3263
714,11.4553
715,11.5843
716,11.7133
717,11.8425
718,11.9716
719,12.1009
720,12.2302
721,12.3596
722,12.489
723,12.6185
724,12.748
725,12.8777
726,13.0073
727,13.1371
728,13.2669
729,13.3968
730,13.5267
731,13.6568
732,13.7868
733,13.917
734,14.0472
735,14.1775
736,14.3079
737,14.4383
738,14.5689
739,14.6995
740,14.8301
741,14.9609
742,15.0917
743,15.2226
744,15.3535
745,15.4846
746,15.6157
747,15.7469
748,15.8782
749,16.0096
750,16.141
751,16.2726
752,16.4042
753,16.5359
754,16.6677
755,16.7996
756,16.9315
757,17.0636
758,17.1957
759,17.3279
760,17.4602
761,17.5926
762,17.7251
763,17.8577
764,17.9904
765,18.1231
766,18.256
767,18.3889
768,18.522
769,18.6551
770,18.7884
771,18.9217
772,19.0551
773,19.1887
774,19.3223
775,19.456
776,19.5899
777,19.7238
778,19.8578
779,19.992
780,20.1262
781,20.2606
782,20.395
783,20.5296
784,20.6643
785,20.799
786,20.9339
787,21.0689
788,21.204
789,21.3392
790,21.4745
791,21.61
792,21.7455
793,21.8812
794,22.017
795,22.1529
796,22.2889
797,22.425
798,22.5612
799,22.6976
800,22.8341
801,22.9707
802,23.1074
803,23.2442
804,23.3812
805,23.5183
806,23.6555
807,23.7928
808,23.9303
809,24.0678
810,24.2056
811,24.3434
812,24.4814
813,24.6195
814,24.7577
815,24.8961
816,25.0345
817,25.1732
818,25.3119
819,25.4508
820,25.5898
821,25.729
822,25.8683
823,26.0077
824,26.1473
825,26.287
826,26.4269
827,26.5668
828,26.707
829,26.8473
830,26.9877
831,27.1282
832,27.2689
833,27.4098
834,27.5508
835,27.6919
836,27.8332
837,27.9747
838,28.1163
839,28.258
840,28.3999
841,28.5419
842,28.6841
843,28.8265
844,28.969
845,29.1116
846,29.2545
847,29.3974
848,29.5406
849,29.6839
850,29.8273
851,29.9709
852,30.1147
853,30.2586
854,30.4027
855,30.547
856,30.6914
857,30.836
858,30.9808
859,31.1257
860,31.2708
861,31.4161
862,31.5615
863,31.7071
864,31.8529
865,31.9988
866,32.145
867,32.2913
868,32.4377
869,32.5844
870,32.7312
871,32.8782
872,33.0254
873,33.1728
874,33.3203
875,33.468
876,33.616
877,33.764
878,33.9123
879,34.0608
880,34.2094
881,34.3583
882,34.5073
883,34.6565
884,34.8059
885,34.9555
886,35.1053
887,35.2553
888,35.4054
889,35.5558
890,35.7063
891,35.8571
892,36.008
893,36.1592
894,36.3105
895,36.4621
896,36.6138
897,36.7658
898,36.9179
899,37.0703
900,37.2229
901,37.3756
902,37.5286
903,37.6818
904,37.8352
905,37.9888
906,38.1426
907,38.2966
908,38.4508
909,38.6053
910,38.7599
911,38.9148
912,39.0699
913,39.2252
914,39.3807
915,39.5365
916,39.6924
917,39.8486
918,40.005
919,40.1617
920,40.3185
921,40.4756
922,40.6329
923,40.7904
924,40.9482
925,41.1062
926,41.2644
927,41.4228
928,41.5815
929,41.7404
930,41.8996
931,42.0589
932,42.2186
933,42.3784
934,42.5385
935,42.6988
936,42.8594
937,43.0202
938,43.1813
939,43.3426
940,43.5041
941,43.6659
942,43.8279
943,43.9902
944,44.1527
945,44.3155
946,44.4785
947,44.6418
948,44.8053
949,44.9691
950,45.1331
951,45.2974
952,45.4619
953,45.6267
954,45.7918
955,45.9571
956,46.1227
957,46.2885
958,46.4546
959,46.621
960,46.7876
961,46.9545
962,47.1217
963,47.2891
964,47.4569
965,47.6248
966,47.7931
967,47.9616
968,48.1304
969,48.2994
970,48.4688
971,48.6384
972,48.8083
973,48.9785
974,49.1489
975,49.3197
976,49.4907
977,49.662
978,49.8336
979,50.0054
980,50.1776
981,50.3501
982,50.5228
983,50.6958
984,50.8691
985,51.0427
986,51.2166
987,51.3908
988,51.5653
989,51.7401
990,51.9152
991,52.0906
992,52.2663
993,52.4423
994,52.6186
995,52.7952
996,52.9721
997,53.1493
998,53.3268
999,53.5046
1000,53.6827
1001,53.8612
1002,54.0399
1003,54.219
1004,54.3984
1005,54.5781
1006,54.7581
1007,54.9384
1008,55.1191
1009,55.3001
1010,55.4814
1011,55.663
1012,55.8449
1013,56.0272
1014,56.2098
1015,56.3927
1016,56.576
1017,56.7595
1018,56.9435
1019,57.1277
1020,57.3123
1021,57.4972
1022,57.6824
1023,57.868
1024,58.0539
1025,58.2402
1026,58.4268
1027,58.6138
1028,58.8011
1029,58.9887
1030,59.1767
1031,59.365
1032,59.5537
1033,59.7427
1034,59.9321
1035,60.1218
1036,60.3119
1037,60.5024
1038,60.6932
1039,60.8843
1040,61.0758
1041,61.2677
1042,61.4599
1043,61.6525
1044,61.8455
1045,62.0388
1046,62.2325
1047,62.4266
1048,62.621
1049,62.8158
1050,63.011
1051,63.2066
1052,63.4025
1053,63.5988
1054,63.7955
1055,63.9925
1056,64.1899
1057,64.3878
1058,64.586
1059,64.7845
1060,64.9835
1061,65.1829
1062,65.3826
1063,65.5827
1064,65.7833
1065,65.9842
1066,66.1855
1067,66.3872
1068,66.5893
1069,66.7918
1070,66.9947
1071,67.198
1072,67.4017
1073,67.6058
1074,67.8103
1075,68.0152
1076,68.2205
1077,68.4262
1078,68.6324
1079,68.8389
1080,69.0459
1081,69.2532
1082,69.461
1083,69.6692
1084,69.8779
1085,70.0869
1086,70.2964
1087,70.5063
1088,70.7166
1089,70.9273
1090,71.1385
1091,71.3501
1092,71.5621
1093,71.7746
1094,71.9875
1095,72.2008
1096,72.4146
1097,72.6288
1098,72.8434
1099,73.0585
1100,73.274
1101,73.49
1102,73.7064
1103,73.9233
1104,74.1406
1105,74.3583
1106,74.5765
1107,74.7952
1108,75.0143
1109,75.2339
1110,75.4539
1111,75.6744
1112,75.8953
1113,76.1168
1114,76.3386
1115,76.561
1116,76.7838
1117,77.007
1118,77.2308
1119,77.455
1120,77.6797
1121,77.9048
1122,78.1305
1123,78.3566
1124,78.5832
1125,78.8102
1126,79.0378
1127,79.2658
1128,79.4943
1129,79.7233
1130,79.9528
1131,80.1828
1132,80.4133
1133,80.6443
1134,80.8757
1135,81.1077
1136,81.3402
1137,81.5731
1138,81.8066
1139,82.0405
1140,82.275
1141,82.51
1142,82.7455
1143,82.9815
1144,83.218
1145,83.455
1146,83.6925
1147,83.9306
1148,84.1691
1149,84.4082
1150,84.6478
1151,84.8879
1152,85.1286
1153,85.3698
1154,85.6115
1155,85.8537
1156,86.0965
1157,86.3398
1158,86.5836
1159,86.828
1160,87.0729
1161,87.3184
1162,87.5644
1163,87.8109
1164,88.058
1165,88.3056
1166,88.5538
1167,88.8025
1168,89.0518
1169,89.3017
1170,89.5521
1171,89.803
1172,90.0545
1173,90.3066
1174,90.5592
1175,90.8124
1176,91.0662
1177,91.3205
1178,91.5754
1179,91.8309
1180,92.087
1181,92.3436
1182,92.6008
1183,92.8586
1184,93.1169
1185,93.3759
1186,93.6354
1187,93.8955
1188,94.1563
1189,94.4176
1190,94.6794
1191,94.9419
1192,95.205
1193,95.4687
1194,95.733
1195,95.9978
1196,96.2633
1197,96.5294
1198,96.7961
1199,97.0634
1200,97.3313
1201,97.5999
1202,97.869
1203,98.1388
1204,98.4092
1205,98.6802
1206,98.9518
1207,99.224
1208,99.4969
1209,99.7704
1210,100.045
1211,100.319
1212,100.595
1213,100.871
1214,101.147
1215,101.425
1216,101.703
1217,101.981
1218,102.261
1219,102.54
1220,102.821
1221,103.102
1222,103.384
1223,103.667
1224,103.95
1225,104.234
1226,104.518
1227,104.803
1228,105.089
1229,105.376
1230,105.663
1231,105.951
1232,106.239
1233,106.528
1234,106.818
1235,107.109
1236,107.4
1237,107.692
1238,107.985
1239,108.278
1240,108.572
1241,108.867
1242,109.162
1243,109.458
1244,109.755
1245,110.052
1246,110.35
1247,110.649
1248,110.949
1249,111.249
1250,111.55
1251,111.852
1252,112.154
1253,112.458
1254,112.762
1255,113.066
1256,113.372
1257,113.678
1258,113.984
1259,114.292
1260,114.6
1261,114.909
1262,115.219
1263,115.53
1264,115.841
1265,116.153
1266,116.466
1267,116.779
1268,117.093
1269,117.408
1270,117.724
1271,118.041
1272,118.358
1273,118.676
1274,118.995
1275,119.314
1276,119.635
1277,119.956
1278,120.278
1279,120.6
1280,120.924
1281,121.248
1282,121.573
1283,121.899
1284,122.226
1285,122.553
1286,122.881
1287,123.21
1288,123.54
1289,123.871
1290,124.202
1291,124.534
1292,124.867
1293,125.201
1294,125.536
1295,125.871
1296,126.208
1297,126.545
1298,126.883
1299,127.222
1300,127.561
1301,127.902
1302,128.243
1303,128.585
1304,128.928
1305,129.272
1306,129.616
1307,129.962
1308,130.308
1309,130.655
1310,131.003
1311,131.352
1312,131.702
1313,132.053
1314,132.404
1315,132.757
1316,133.11
1317,133.464
1318,133.819
1319,134.175
1320,134.531
1321,134.889
1322,135.248
1323,135.607
1324,135.967
1325,136.328
1326,136.691
1327,137.053
1328,137.417
1329,137.782
1330,138.148
1331,138.514
1332,138.882
1333,139.25
1334,139.62
1335,139.99
1336,140.361
1337,140.733
1338,141.106
1339,141.48
1340,141.855
1341,142.231
1342,142.608
1343,142.986
1344,143.364
1345,143.744
1346,144.124
1347,144.506
1348,144.888
1349,145.272
1350,145.656
1351,146.042
1352,146.428
1353,146.815
1354,147.204
1355,147.593
1356,147.983
1357,148.374
1358,148.767
1359,149.16
1360,149.554
1361,149.949
1362,150.345
1363,150.743
1364,151.141
1365,151.54
1366,151.94
1367,152.341
1368,152.744
1369,153.147
1370,153.551
1371,153.956
1372,154.363
1373,154.77
1374,155.178
1375,155.588
1376,155.998
1377,156.41
1378,156.822
1379,157.236
1380,157.651
1381,158.066
1382,158.483
1383,158.901
1384,159.32
1385,159.74
1386,160.161
1387,160.583
1388,161.006
1389,161.43
1390,161.856
1391,162.282
1392,162.709
1393,163.138
1394,163.568
1395,163.999
1396,164.43
1397,164.863
1398,165.298
1399,165.733
1400,166.169
1401,166.607
1402,167.045
1403,167.485
1404,167.926
1405,168.368
1406,168.811
1407,169.255
1408,169.7
1409,170.147
1410,170.594
1411,171.043
1412,171.493
1413,171.944
1414,172.396
1415,172.85
1416,173.305
1417,173.76
1418,174.217
1419,174.675
1420,175.135
1421,175.595
1422,176.057
1423,176.52
1424,176.984
1425,177.449
1426,177.915
1427,178.383
1428,178.852
1429,179.322
1430,179.793
1431,180.266
1432,180.74
1433,181.215
1434,181.691
1435,182.168
1436,182.647
1437,183.127
1438,183.608
1439,184.09
1440,184.574
1441,185.059
1442,185.545
1443,186.033
1444,186.521
1445,187.011
1446,187.503
1447,187.995
1448,188.489
1449,188.984
1450,189.48
1451,189.978
1452,190.477
1453,190.977
1454,191.479
1455,191.982
1456,192.486
1457,192.991
1458,193.498
1459,194.006
1460,194.516
1461,195.026
1462,195.539
1463,196.052
1464,196.567
1465,197.083
1466,197.6
1467,198.119
1468,198.639
1469,199.161
1470,199.684
1471,200.208
1472,200.734
1473,201.261
1474,201.789
1475,202.319
1476,202.85
1477,203.383
1478,203.917
1479,204.452
1480,204.989
1481,205.527
1482,206.067
1483,206.608
1484,207.15
1485,207.694
1486,208.239
1487,208.786
1488,209.334
1489,209.884
1490,210.435
1491,210.987
1492,211.541
1493,212.097
1494,212.654
1495,213.212
1496,213.772
1497,214.333
1498,214.896
1499,215.46
1500,216.026
1501,216.593
1502,217.161
1503,217.732
1504,218.303
1505,218.877
1506,219.451
1507,220.028
1508,220.605
1509,221.185
1510,221.765
1511,222.348
1512,222.932
1513,223.517
1514,224.104
1515,224.692
1516,225.283
1517,225.874
1518,226.467
1519,227.062
1520,227.659
1521,228.256
1522,228.856
1523,229.457
1524,230.06
1525,230.664
1526,231.27
1527,231.877
1528,232.486
1529,233.097
1530,233.71
1531,234.323
1532,234.939
1533,235.556
1534,236.175
1535,236.796
1536,237.418
1537,238.042
1538,238.667
1539,239.294
1540,239.923
1541,240.553
1542,241.185
1543,241.819
1544,242.455
1545,243.092
1546,243.731
1547,244.371
1548,245.014
1549,245.658
1550,246.303
1551,246.951
1552,247.6
1553,248.251
1554,248.903
1555,249.558
1556,250.214
1557,250.872
1558,251.531
1559,252.192
1560,252.856
1561,253.52
1562,254.187
1563,254.856
1564,255.526
1565,256.198
1566,256.872
1567,257.547
1568,258.225
1569,258.904
1570,259.585
1571,260.268
1572,260.952
1573,261.639
1574,262.327
1575,263.017
1576,263.709
1577,264.403
1578,265.099
1579,265.796
1580,266.496
1581,267.197
1582,267.9
1583,268.605
1584,269.312
1585,270.021
1586,270.732
1587,271.444
1588,272.159
1589,272.875
1590,273.594
1591,274.314
1592,275.036
1593,275.761
1594,276.487
1595,277.215
1596,277.945
1597,278.677
1598,279.411
1599,280.147
1600,280.884
1601,281.624
1602,282.366
1603,283.11
1604,283.856
1605,284.604
1606,285.353
1607,286.105
1608,286.859
1609,287.615
1610,288.373
1611,289.133
1612,289.895
1613,290.659
1614,291.425
1615,292.193
1616,292.964
1617,293.736
1618,294.51
1619,295.287
1620,296.065
1621,296.846
1622,297.629
1623,298.414
1624,299.201
1625,299.99
1626,300.781
1627,301.574
1628,302.37
1629,303.167
1630,303.967
1631,304.769
1632,305.573
1633,306.379
1634,307.188
1635,307.998
1636,308.811
1637,309.626
1638,310.443
1639,311.263
1640,312.084
1641,312.908
1642,313.734
1643,314.562
1644,315.393
1645,316.226
1646,317.061
1647,317.898
1648,318.737
1649,319.579
1650,320.423
1651,321.269
1652,322.118
1653,322.969
1654,323.822
1655,324.678
1656,325.535
1657,326.396
1658,327.258
1659,328.123
1660,328.99
1661,329.859
1662,330.731
1663,331.605
1664,332.482
1665,333.361
1666,334.242
1667,335.126
1668,336.012
1669,336.9
1670,337.791
1671,338.684
1672,339.58
1673,340.478
1674,341.379
1675,342.282
1676,343.187
1677,344.095
1678,345.005
1679,345.918
1680,346.833
1681,347.751
1682,348.671
1683,349.594
1684,350.519
1685,351.447
1686,352.377
1687,353.31
1688,354.246
1689,355.183
1690,356.124
1691,357.067
1692,358.012
1693,358.96
1694,359.911
1695,360.864
1696,361.82
1697,362.778
1698,363.739
1699,364.703
1700,365.669
1701,366.638
1702,367.61
1703,368.584
1704,369.56
1705,370.54
1706,371.522
1707,372.507
1708,373.494
1709,374.484
1710,375.477
1711,376.472
1712,377.471
1713,378.471
1714,379.475
1715,380.481
1716,381.491
1717,382.502
1718,383.517
1719,384.534
1720,385.554
1721,386.577
1722,387.603
1723,388.631
1724,389.663
1725,390.697
1726,391.733
1727,392.773
1728,393.816
1729,394.861
1730,395.909
1731,396.96
1732,398.014
1733,399.071
1734,400.131
1735,401.193
1736,402.259
1737,403.327
1738,404.398
1739,405.472
1740,406.549
1741,407.629
1742,408.712
1743,409.798
1744,410.887
1745,411.979
1746,413.074
1747,414.171
1748,415.272
1749,416.376
1750,417.483
1751,418.593
1752,419.705
1753,420.821
1754,421.94
1755,423.062
1756,424.187
1757,425.315
1758,426.446
1759,427.581
1760,428.718
1761,429.858
1762,431.002
1763,432.149
1764,433.298
1765,434.451
1766,435.607
1767,436.767
1768,437.929
1769,439.095
1770,440.263
1771,441.435
1772,442.611
1773,443.789
1774,444.97
1775,446.155
1776,447.343
1777,448.535
1778,449.729
1779,450.927
1780,452.128
1781,453.332
1782,454.54
1783,455.751
1784,456.965
1785,458.183
1786,459.403
1787,460.628
1788,461.855
1789,463.086
1790,464.32
1791,465.558
1792,466.799
1793,468.044
1794,469.291
1795,470.543
1796,471.797
1797,473.055
1798,474.317
1799,475.582
1800,476.85
1801,478.122
1802,479.398
1803,480.677
1804,481.959
1805,483.245
1806,484.534
1807,485.827
1808,487.124
1809,488.424
1810,489.727
1811,491.034
1812,492.345
1813,493.659
1814,494.977
1815,496.299
1816,497.624
1817,498.953
1818,500.285
1819,501.621
1820,502.961
1821,504.304
1822,505.651
1823,507.002
1824,508.356
1825,509.714
1826,511.076
1827,512.442
1828,513.811
1829,515.184
1830,516.561
1831,517.942
1832,519.326
1833,520.714
1834,522.106
1835,523.502
1836,524.901
1837,526.305
1838,527.712
1839,529.123
1840,530.538
1841,531.957
1842,533.38
1843,534.807
1844,536.237
1845,537.672
1846,539.11
1847,540.553
1848,541.999
1849,543.449
1850,544.904
1851,546.362
1852,547.824
1853,549.291
1854,550.761
1855,552.235
1856,553.714
1857,555.196
1858,556.682
1859,558.173
1860,559.668
1861,561.167
1862,562.669
1863,564.176
1864,565.688
1865,567.203
1866,568.722
1867,570.246
1868,571.774
1869,573.306
1870,574.842
1871,576.382
1872,577.927
1873,579.476
1874,581.029
1875,582.586
1876,584.148
1877,585.714
1878,587.284
1879,588.859
1880,590.438
1881,592.021
1882,593.608
1883,595.2
1884,596.797
1885,598.397
1886,600.002
1887,601.612
1888,603.226
1889,604.844
1890,606.467
1891,608.094
1892,609.726
1893,611.362
1894,613.003
1895,614.648
1896,616.297
1897,617.952
1898,619.61
1899,621.274
1900,622.942
1901,624.614
1902,626.291
1903,627.973
1904,629.659
1905,631.35
1906,633.046
1907,634.746
1908,636.451
1909,638.161
1910,639.875
1911,641.594
1912,643.318
1913,645.046
1914,646.779
1915,648.518
1916,650.26
1917,652.008
1918,653.76
1919,655.517
1920,657.279
1921,659.046
1922,660.818
1923,662.595
1924,664.376
1925,666.163
1926,667.954
1927,669.75
1928,671.551
1929,673.357
1930,675.169
1931,676.985
1932,678.806
1933,680.632
1934,682.463
1935,684.299
1936,686.14
1937,687.986
1938,689.838
1939,691.694
1940,693.556
1941,695.422
1942,697.294
1943,699.171
1944,701.053
1945,702.941
1946,704.833
1947,706.731
1948,708.634
1949,710.542
1950,712.455
1951,714.374
1952,716.298
1953,718.227
1954,720.162
1955,722.101
1956,724.047
1957,725.997
1958,727.953
1959,729.915
1960,731.881
1961,733.853
1962,735.831
1963,737.814
1964,739.802
1965,741.796
1966,743.796
1967,745.801
1968,747.811
1969,749.827
1970,751.849
1971,753.876
1972,755.909
1973,757.947
1974,759.991
1975,762.04
1976,764.096
1977,766.156
1978,768.223
1979,770.295
1980,772.373
1981,774.457
1982,776.546
1983,778.641
1984,780.742
1985,782.849
1986,784.961
1987,787.08
1988,789.204
1989,791.334
1990,793.47
1991,795.612
1992,797.759
1993,799.913
1994,802.072
1995,804.238
1996,806.409
1997,808.587
1998,810.77
1999,812.96
2000,815.155
2001,817.357
2002,819.564
2003,821.778
2004,823.998
2005,826.224
2006,828.456
2007,830.694
2008,832.938
2009,835.189
2010,837.446
2011,839.709
2012,841.978
2013,844.253
2014,846.535
2015,848.823
2016,851.117
2017,853.418
2018,855.725
2019,858.038
2020,860.358
2021,862.684
2022,865.017
2023,867.356
2024,869.701
2025,872.053
2026,874.411
2027,876.776
2028,879.148
2029,881.526
2030,883.91
2031,886.301
2032,888.699
2033,891.103
2034,893.514
2035,895.932
2036,898.356
2037,900.787
2038,903.225
2039,905.669
2040,908.12
2041,910.578
2042,913.043
2043,915.514
2044,917.992
2045,920.477
2046,922.969
2047,925.468
2048,927.974
2049,930.487
2050,933.006
2051,935.533
2052,938.066
2053,940.607
2054,943.154
2055,945.709
2056,948.27
2057,950.839
2058,953.415
2059,955.998
2060,958.588
2061,961.185
2062,963.789
2063,966.4
2064,969.019
2065,971.645
2066,974.278
2067,976.918
2068,979.566
2069,982.221
2070,984.883
2071,987.553
2072,990.23
2073,992.915
2074,995.606
2075,998.306
2076,1001.01
2077,1003.73
2078,1006.45
2079,1009.18
2080,1011.91
2081,1014.66
2082,1017.41
2083,1020.17
2084,1022.94
2085,1025.71
2086,1028.49
2087,1031.28
2088,1034.08
2089,1036.89
2090,1039.7
2091,1042.52
2092,1045.35
2093,1048.19
2094,1051.03
2095,1053.88
2096,1056.74
2097,1059.61
2098,1062.49
2099,1065.37
2100,1068.26
2101,1071.16
2102,1074.07
2103,1076.99
2104,1079.91
2105,1082.84
2106,1085.78
2107,1088.73
2108,1091.69
2109,1094.65
2110,1097.62
2111,1100.61
2112,1103.59
2113,1106.59
2114,1109.6
2115,1112.61
2116,1115.63
2117,1118.67
2118,1121.7
2119,1124.75
2120,1127.81
2121,1130.87
2122,1133.94
2123,1137.03
2124,1140.12
2125,1143.21
2126,1146.32
2127,1149.44
2128,1152.56
2129,1155.69
2130,1158.83
2131,1161.98
2132,1165.14
2133,1168.31
2134,1171.49
2135,1174.67
2136,1177.87
2137,1181.07
2138,1184.28
2139,1187.5
2140,1190.73
2141,1193.97
2142,1197.21
2143,1200.47
2144,1203.73
2145,1207.01
2146,1210.29
2147,1213.58
2148,1216.89
2149,1220.2
2150,1223.52
2151,1226.84
2152,1230.18
2153,1233.53
2154,1236.89
2155,1240.25
2156,1243.63
2157,1247.01
2158,1250.4
2159,1253.81
2160,1257.22
2161,1260.64
2162,1264.07
2163,1267.51
2164,1270.96
2165,1274.42
2166,1277.89
2167,1281.37
2168,1284.86
2169,1288.36
2170,1291.87
2171,1295.38
2172,1298.91
2173,1302.45
2174,1306
2175,1309.55
2176,1313.12
2177,1316.69
2178,1320.28
2179,1323.88
2180,1327.48
2181,1331.1
2182,1334.73
2183,1338.36
2184,1342.01
2185,1345.66
2186,1349.33
2187,1353.01
2188,1356.69
2189,1360.39
2190,1364.1
2191,1367.81
2192,1371.54
2193,1375.28
2194,1379.03
2195,1382.79
2196,1386.55
2197,1390.33
2198,1394.12
2199,1397.92
2200,1401.74
2201,1405.56
2202,1409.39
2203,1413.23
2204,1417.08
2205,1420.95
2206,1424.82
2207,1428.71
2208,1432.6
2209,1436.51
2210,1440.43
2211,1444.36
2212,1448.29
2213,1452.24
2214,1456.21
2215,1460.18
2216,1464.16
2217,1468.15
2218,1472.16
2219,1476.18
2220,1480.2
2221,1484.24
2222,1488.29
2223,1492.35
2224,1496.42
2225,1500.51
2226,1504.6
2227,1508.71
2228,1512.82
2229,1516.95
2230,1521.09
2231,1525.24
2232,1529.41
2233,1533.58
2234,1537.77
2235,1541.96
2236,1546.17
2237,1550.39
2238,1554.63
2239,1558.87
2240,1563.13
2241,1567.39
2242,1571.67
2243,1575.96
2244,1580.27
2245,1584.58
2246,1588.91
2247,1593.25
2248,1597.6
2249,1601.96
2250,1606.34
2251,1610.72
2252,1615.12
2253,1619.53
2254,1623.96
2255,1628.39
2256,1632.84
2257,1637.3
2258,1641.77
2259,1646.26
2260,1650.76
2261,1655.27
2262,1659.79
2263,1664.32
2264,1668.87
2265,1673.43
2266,1678
2267,1682.59
2268,1687.19
2269,1691.8
2270,1696.42
2271,1701.06
2272,1705.71
2273,1710.37
2274,1715.04
2275,1719.73
2276,1724.43
2277,1729.15
2278,1733.87
2279,1738.61
2280,1743.37
2281,1748.13
2282,1752.91
2283,1757.7
2284,1762.51
2285,1767.33
2286,1772.16
2287,1777.01
2288,1781.87
2289,1786.74
2290,1791.63
2291,1796.53
2292,1801.44
2293,1806.37
2294,1811.31
2295,1816.26
2296,1821.23
2297,1826.21
2298,1831.2
2299,1836.21
2300,1841.24
2301,1846.27
2302,1851.32
2303,1856.39
2304,1861.47
2305,1866.56
2306,1871.67
2307,1876.79
2308,1881.93
2309,1887.07
2310,1892.24
2311,1897.42
2312,1902.61
2313,1907.82
2314,1913.04
2315,1918.27
2316,1923.52
2317,1928.79
2318,1934.07
2319,1939.36
2320,1944.67
2321,1949.99
2322,1955.33
2323,1960.68
2324,1966.05
2325,1971.43
2326,1976.83
2327,1982.24
2328,1987.67
2329,1993.11
2330,1998.57
2331,2004.04
2332,2009.53
2333,2015.03
2334,2020.55
2335,2026.08
2336,2031.63
2337,2037.19
2338,2042.77
2339,2048.37
2340,2053.98
2341,2059.6
2342,2065.24
2343,2070.9
2344,2076.57
2345,2082.26
2346,2087.96
2347,2093.68
2348,2099.42
2349,2105.17
2350,2110.94
2351,2116.72
2352,2122.52
2353,2128.34
2354,2134.17
2355,2140.02
2356,2145.88
2357,2151.76
2358,2157.66
2359,2163.57
2360,2169.5
2361,2175.44
2362,2181.4
2363,2187.38
2364,2193.38
2365,2199.39
2366,2205.42
2367,2211.46
2368,2217.52
2369,2223.6
2370,2229.7
2371,2235.81
2372,2241.94
2373,2248.08
2374,2254.25
2375,2260.43
2376,2266.62
2377,2272.84
2378,2279.07
2379,2285.32
2380,2291.58
2381,2297.87
2382,2304.17
2383,2310.49
2384,2316.82
2385,2323.17
2386,2329.54
2387,2335.93
2388,2342.34
2389,2348.76
2390,2355.2
2391,2361.66
2392,2368.14
2393,2374.64
2394,2381.15
2395,2387.68
2396,2394.23
2397,2400.8
2398,2407.38
2399,2413.99
2400,2420.61
2401,2427.25
2402,2433.91
2403,2440.59
2404,2447.28
2405,2454
2406,2460.73
2407,2467.48
2408,2474.25
2409,2481.04
2410,2487.85
2411,2494.67
2412,2501.52
2413,2508.38
2414,2515.27
2415,2522.17
2416,2529.09
2417,2536.03
2418,2542.99
2419,2549.97
2420,2556.97
2421,2563.99
2422,2571.02
2423,2578.08
2424,2585.16
2425,2592.25
2426,2599.37
2427,2606.5
2428,2613.66
2429,2620.83
2430,2628.03
2431,2635.24
2432,2642.48
2433,2649.73
2434,2657.01
2435,2664.3
2436,2671.62
2437,2678.95
2438,2686.31
2439,2693.68
2440,2701.08
2441,2708.5
2442,2715.94
2443,2723.39
2444,2730.87
2445,2738.37
2446,2745.89
2447,2753.43
2448,2760.99
2449,2768.58
2450,2776.18
2451,2783.81
2452,2791.45
2453,2799.12
2454,2806.81
2455,2814.52
2456,2822.25
2457,2830
2458,2837.77
2459,2845.57
2460,2853.39
2461,2861.22
2462,2869.08
2463,2876.97
2464,2884.87
2465,2892.8
2466,2900.74
2467,2908.71
2468,2916.71
2469,2924.72
2470,2932.76
2471,2940.81
2472,2948.89
2473,2957
2474,2965.12
2475,2973.27
2476,2981.44
2477,2989.64
2478,2997.85
2479,3006.09
2480,3014.35
2481,3022.64
2482,3030.94
2483,3039.27
2484,3047.63
2485,3056
2486,3064.4
2487,3072.83
2488,3081.27
2489,3089.74
2490,3098.23
2491,3106.75
2492,3115.29
2493,3123.85
2494,3132.44
2495,3141.05
2496,3149.69
2497,3158.35
2498,3167.03
2499,3175.74
2500,3184.47
2501,3193.22
2502,3202
2503,3210.81
2504,3219.64
2505,3228.49
2506,3237.37
2507,3246.27
2508,3255.19
2509,3264.15
2510,3273.12
2511,3282.12
2512,3291.15
2513,3300.2
2514,3309.27
2515,3318.38
2516,3327.5
2517,3336.65
2518,3345.83
2519,3355.03
2520,3364.26
2521,3373.51
2522,3382.79
2523,3392.1
2524,3401.43
2525,3410.78
2526,3420.17
2527,3429.57
2528,3439.01
2529,3448.47
2530,3457.95
2531,3467.47
2532,3477.01
2533,3486.57
2534,3496.16
2535,3505.78
2536,3515.43
2537,3525.1
2538,3534.8
2539,3544.52
2540,3554.28
2541,3564.05
2542,3573.86
2543,3583.7
2544,3593.56
2545,3603.44
2546,3613.36
2547,3623.3
2548,3633.27
2549,3643.27
2550,3653.3
2551,3663.35
2552,3673.43
2553,3683.54
2554,3693.68
2555,3703.85
2556,3714.04
2557,3724.26
2558,3734.51
2559,3744.79
2560,3755.1
2561,3765.43
2562,3775.8
2563,3786.19
2564,3796.61
2565,3807.06
2566,3817.54
2567,3828.05
2568,3838.59
2569,3849.15
2570,3859.75
2571,3870.38
2572,3881.03
2573,3891.72
2574,3902.43
2575,3913.17
2576,3923.95
2577,3934.75
2578,3945.58
2579,3956.45
2580,3967.34
2581,3978.26
2582,3989.22
2583,4000.2
2584,4011.22
2585,4022.26
2586,4033.34
2587,4044.44
2588,4055.58
2589,4066.75
2590,4077.95
2591,4089.18
2592,4100.44
2593,4111.73
2594,4123.05
2595,4134.41
2596,4145.79
2597,4157.21
2598,4168.66
2599,4180.14
2600,4191.65
2601,4203.2
2602,4214.77
2603,4226.38
2604,4238.02
2605,4249.7
2606,4261.4
2607,4273.14
2608,4284.91
2609,4296.71
2610,4308.55
2611,4320.42
2612,4332.32
2613,4344.25
2614,4356.22
2615,4368.22
2616,4380.26
2617,4392.32
2618,4404.42
2619,4416.56
2620,4428.72
2621,4440.93
2622,4453.16
2623,4465.43
2624,4477.73
2625,4490.07
2626,4502.44
2627,4514.85
2628,4527.29
2629,4539.76
2630,4552.27
2631,4564.81
2632,4577.39
2633,4590.01
2634,4602.65
2635,4615.34
2636,4628.05
2637,4640.81
2638,4653.6
2639,4666.42
2640,4679.28
2641,4692.18
2642,4705.11
2643,4718.07
2644,4731.08
2645,4744.12
2646,4757.19
2647,4770.3
2648,4783.45
2649,4796.63
2650,4809.85
2651,4823.11
2652,4836.4
2653,4849.73
2654,4863.1
2655,4876.51
2656,4889.95
2657,4903.43
2658,4916.94
2659,4930.5
2660,4944.09
2661,4957.72
2662,4971.38
2663,4985.09
2664,4998.83
2665,5012.61
2666,5026.43
2667,5040.29
2668,5054.18
2669,5068.12
2670,5082.09
2671,5096.1
2672,5110.15
2673,5124.24
2674,5138.36
2675,5152.53
2676,5166.74
2677,5180.98
2678,5195.27
2679,5209.59
2680,5223.96
2681,5238.36
2682,5252.81
2683,5267.29
2684,5281.81
2685,5296.38
2686,5310.98
2687,5325.63
2688,5340.31
2689,5355.04
2690,5369.81
2691,5384.61
2692,5399.46
2693,5414.35
2694,5429.29
2695,5444.26
2696,5459.27
2697,5474.33
2698,5489.43
2699,5504.57
2700,5519.75
2701,5534.97
2702,5550.24
2703,5565.54
2704,5580.89
2705,5596.29
2706,5611.72
2707,5627.2
2708,5642.72
2709,5658.29
2710,5673.89
2711,5689.54
2712,5705.24
2713,5720.97
2714,5736.75
2715,5752.58
2716,5768.45
2717,5784.36
2718,5800.32
2719,5816.32
2720,5832.36
2721,5848.45
2722,5864.58
2723,5880.76
2724,5896.99
2725,5913.26
2726,5929.57
2727,5945.93
2728,5962.33
2729,5978.78
2730,5995.28
2731,6011.82
2732,6028.4
2733,6045.04
2734,6061.71
2735,6078.44
2736,6095.21
2737,6112.03
2738,6128.89
2739,6145.8
2740,6162.76
2741,6179.76
2742,6196.82
2743,6213.91
2744,6231.06
2745,6248.25
2746,6265.5
2747,6282.79
2748,6300.12
2749,6317.51
2750,6334.94
2751,6352.42
2752,6369.95
2753,6387.53
2754,6405.16
2755,6422.83
2756,6440.56
2757,6458.33
2758,6476.16
2759,6494.03
2760,6511.95
2761,6529.92
2762,6547.95
2763,6566.02
2764,6584.14
2765,6602.31
2766,6620.53
2767,6638.81
2768,6657.13
2769,6675.5
2770,6693.93
2771,6712.4
2772,6730.93
2773,6749.51
2774,6768.14
2775,6786.82
2776,6805.56
2777,6824.34
2778,6843.18
2779,6862.07
2780,6881.01
2781,6900
2782,6919.05
2783,6938.15
2784,6957.3
2785,6976.51
2786,6995.77
2787,7015.08
2788,7034.45
2789,7053.86
2790,7073.34
2791,7092.86
2792,7112.45
2793,7132.08
2794,7151.77
2795,7171.52
2796,7191.31
2797,7211.17
2798,7231.08
2799,7251.04
2800,7271.06
2801,7291.14
2802,7311.27
2803,7331.45
2804,7351.69
2805,7371.99
2806,7392.35
2807,7412.76
2808,7433.23
2809,7453.75
2810,7474.33
2811,7494.97
2812,7515.66
2813,7536.42
2814,7557.23
2815,7578.09
2816,7599.02
2817,7620
2818,7641.04
2819,7662.14
2820,7683.3
2821,7704.52
2822,7725.79
2823,7747.13
2824,7768.52
2825,7789.98
2826,7811.49
2827,7833.06
2828,7854.69
2829,7876.38
2830,7898.14
2831,7919.95
2832,7941.82
2833,7963.75
2834,7985.75
2835,8007.8
2836,8029.92
2837,8052.09
2838,8074.33
2839,8096.63
2840,8119
2841,8141.42
2842,8163.91
2843,8186.45
2844,8209.06
2845,8231.74
2846,8254.47
2847,8277.27
2848,8300.14
2849,8323.06
2850,8346.05
2851,8369.1
2852,8392.22
2853,8415.4
2854,8438.65
2855,8461.96
2856,8485.33
2857,8508.77
2858,8532.27
2859,8555.84
2860,8579.48
2861,8603.17
2862,8626.94
2863,8650.77
2864,8674.67
2865,8698.63
2866,8722.66
2867,8746.76
2868,8770.92
2869,8795.15
2870,8819.45
2871,8843.81
2872,8868.24
2873,8892.74
2874,8917.31
2875,8941.95
2876,8966.65
2877,8991.42
2878,9016.26
2879,9041.17
2880,9066.15
2881,9091.2
2882,9116.32
2883,9141.5
2884,9166.76
2885,9192.09
2886,9217.48
2887,9242.95
2888,9268.49
2889,9294.1
2890,9319.78
2891,9345.53
2892,9371.35
2893,9397.24
2894,9423.21
2895,9449.24
2896,9475.35
2897,9501.54
2898,9527.79
2899,9554.12
2900,9580.52
2901,9606.99
2902,9633.53
2903,9660.15
2904,9686.85
2905,9713.62
2906,9740.46
2907,9767.37
2908,9794.36
2909,9821.43
2910,9848.57
2911,9875.78
2912,9903.08
2913,9930.44
2914,9957.88
2915,9985.4
2916,10013
2917,10040.7
2918,10068.4
2919,10096.2
2920,10124.1
2921,10152.1
2922,10180.2
2923,10208.3
2924,10236.5
2925,10264.8
2926,10293.2
2927,10321.6
2928,10350.2
2929,10378.8
2930,10407.4
2931,10436.2
2932,10465.1
2933,10494
2934,10523
2935,10552.1
2936,10581.2
2937,10610.5
2938,10639.8
2939,10669.2
2940,10698.7
2941,10728.3
2942,10757.9
2943,10787.7
2944,10817.5
2945,10847.4
2946,10877.4
2947,10907.4
2948,10937.6
2949,10967.8
2950,10998.1
2951,11028.5
2952,11059
2953,11089.6
2954,11120.2
2955,11151
2956,11181.8
2957,11212.7
2958,11243.7
2959,11274.8
2960,11305.9
2961,11337.2
2962,11368.5
2963,11400
2964,11431.5
2965,11463.1
2966,11494.8
2967,11526.5
2968,11558.4
2969,11590.4
2970,11622.4
2971,11654.5
2972,11686.7
2973,11719.1
2974,11751.5
2975,11783.9
2976,11816.5
2977,11849.2
2978,11881.9
2979,11914.8
2980,11947.7
2981,11980.8
2982,12013.9
2983,12047.1
2984,12080.4
2985,12113.8
2986,12147.3
2987,12180.9
2988,12214.6
2989,12248.3
2990,12282.2
2991,12316.1
2992,12350.2
2993,12384.3
2994,12418.6
2995,12452.9
2996,12487.4
2997,12521.9
2998,12556.5
2999,12591.2
3000,12626
3001,12660.9
3002,12696
3003,12731.1
3004,12766.3
3005,12801.6
3006,12837
3007,12872.4
3008,12908
3009,12943.7
3010,12979.5
3011,13015.4
3012,13051.4
3013,13087.5
3014,13123.7
3015,13160
3016,13196.4
3017,13232.8
3018,13269.4
3019,13306.1
3020,13342.9
3021,13379.8
3022,13416.8
3023,13453.9
3024,13491.1
3025,13528.4
3026,13565.8
3027,13603.4
3028,13641
3029,13678.7
3030,13716.5
3031,13754.5
3032,13792.5
3033,13830.6
3034,13868.9
3035,13907.2
3036,13945.7
3037,13984.3
3038,14022.9
3039,14061.7
3040,14100.6
3041,14139.6
3042,14178.7
3043,14217.9
3044,14257.2
3045,14296.7
3046,14336.2
3047,14375.9
3048,14415.6
3049,14455.5
3050,14495.5
3051,14535.6
3052,14575.8
3053,14616.1
3054,14656.5
3055,14697
3056,14737.7
3057,14778.4
3058,14819.3
3059,14860.3
3060,14901.4
3061,14942.6
3062,14983.9
3063,15025.4
3064,15066.9
3065,15108.6
3066,15150.4
3067,15192.3
3068,15234.3
3069,15276.5
3070,15318.7
3071,15361.1
3072,15403.6
3073,15446.2
3074,15488.9
3075,15531.8
3076,15574.7
3077,15617.8
3078,15661
3079,15704.3
3080,15747.7
3081,15791.3
3082,15835
3083,15878.8
3084,15922.7
3085,15966.8
3086,16010.9
3087,16055.2
3088,16099.6
3089,16144.2
3090,16188.8
3091,16233.6
3092,16278.5
3093,16323.5
3094,16368.7
3095,16414
3096,16459.4
3097,16504.9
3098,16550.6
3099,16596.3
3100,16642.2
3101,16688.3
3102,16734.5
3103,16780.7
3104,16827.2
3105,16873.7
3106,16920.4
3107,16967.2
3108,17014.1
3109,17061.2
3110,17108.4
3111,17155.7
3112,17203.2
3113,17250.8
3114,17298.5
3115,17346.4
3116,17394.4
3117,17442.5
3118,17490.7
3119,17539.1
3120,17587.6
3121,17636.3
3122,17685.1
3123,17734
3124,17783.1
3125,17832.3
3126,17881.6
3127,17931.1
3128,17980.7
3129,18030.4
3130,18080.3
3131,18130.3
3132,18180.5
3133,18230.8
3134,18281.2
3135,18331.8
3136,18382.5
3137,18433.4
3138,18484.4
3139,18535.5
3140,18586.8
3141,18638.3
3142,18689.8
3143,18741.5
3144,18793.4
3145,18845.4
3146,18897.5
3147,18949.8
3148,19002.2
3149,19054.8
3150,19107.5
3151,19160.4
3152,19213.4
3153,19266.6
3154,19319.9
3155,19373.3
3156,19426.9
3157,19480.7
3158,19534.6
3159,19588.7
3160,19642.9
3161,19697.2
3162,19751.7
3163,19806.4
3164,19861.2
3165,19916.1
3166,19971.2
3167,20026.5
3168,20081.9
3169,20137.5
3170,20193.2
3171,20249.1
3172,20305.1
3173,20361.3
3174,20417.6
3175,20474.1
3176,20530.8
3177,20587.6
3178,20644.6
3179,20701.7
3180,20759
3181,20816.4
3182,20874
3183,20931.8
3184,20989.7
3185,21047.8
3186,21106
3187,21164.4
3188,21223
3189,21281.7
3190,21340.6
3191,21399.7
3192,21458.9
3193,21518.3
3194,21577.8
3195,21637.5
3196,21697.4
3197,21757.5
3198,21817.7
3199,21878
3200,21938.6
3201,21999.3
3202,22060.2
3203,22121.2
3204,22182.4
3205,22243.8
3206,22305.4
3207,22367.1
3208,22429
3209,22491.1
3210,22553.3
3211,22615.7
3212,22678.3
3213,22741.1
3214,22804
3215,22867.1
3216,22930.4
3217,22993.9
3218,23057.5
3219,23121.3
3220,23185.3
3221,23249.5
3222,23313.8
3223,23378.3
3224,23443
3225,23507.9
3226,23573
3227,23638.2
3228,23703.6
3229,23769.2
3230,23835
3231,23901
3232,23967.1
3233,24033.5
3234,24100
3235,24166.7
3236,24233.6
3237,24300.6
3238,24367.9
3239,24435.3
3240,24503
3241,24570.8
3242,24638.8
3243,24707
3244,24775.4
3245,24843.9
3246,24912.7
3247,24981.7
3248,25050.8
3249,25120.1
3250,25189.7
3251,25259.4
3252,25329.3
3253,25399.4
3254,25469.7
3255,25540.2
3256,25610.9
3257,25681.8
3258,25752.9
3259,25824.1
3260,25895.6
3261,25967.3
3262,26039.2
3263,26111.2
3264,26183.5
3265,26256
3266,26328.6
3267,26401.5
3268,26474.6
3269,26547.9
3270,26621.4
3271,26695
3272,26768.9
3273,26843
3274,26917.3
3275,26991.8
3276,27066.6
3277,27141.5
3278,27216.6
3279,27291.9
3280,27367.5
3281,27443.2
3282,27519.2
3283,27595.4
3284,27671.8
3285,27748.3
3286,27825.2
3287,27902.2
3288,27979.4
3289,28056.9
3290,28134.5
3291,28212.4
3292,28290.5
3293,28368.8
3294,28447.3
3295,28526.1
3296,28605
3297,28684.2
3298,28763.6
3299,28843.2
3300,28923.1
3301,29003.1
3302,29083.4
3303,29163.9
3304,29244.7
3305,29325.6
3306,29406.8
3307,29488.2
3308,29569.8
3309,29651.7
3310,29733.8
3311,29816.1
3312,29898.6
3313,29981.4
3314,30064.4
3315,30147.6
3316,30231.1
3317,30314.8
3318,30398.7
3319,30482.8
3320,30567.2
3321,30651.8
3322,30736.7
3323,30821.8
3324,30907.1
3325,30992.6
3326,31078.4
3327,31164.5
3328,31250.8
3329,31337.3
3330,31424
3331,31511
3332,31598.2
3333,31685.7
3334,31773.4
3335,31861.4
3336,31949.6
3337,32038
3338,32126.7
3339,32215.7
3340,32304.9
3341,32394.3
3342,32484
3343,32573.9
3344,32664.1
3345,32754.5
3346,32845.2
3347,32936.1
3348,33027.3
3349,33118.7
3350,33210.4
3351,33302.4
3352,33394.6
3353,33487
3354,33579.7
3355,33672.7
3356,33765.9
3357,33859.4
3358,33953.1
3359,34047.1
3360,34141.4
3361,34235.9
3362,34330.7
3363,34425.7
3364,34521.1
3365,34616.6
3366,34712.5
3367,34808.6
3368,34904.9
3369,35001.6
3370,35098.5
3371,35195.7
3372,35293.1
3373,35390.8
3374,35488.8
3375,35587
3376,35685.6
3377,35784.4
3378,35883.4
3379,35982.8
3380,36082.4
3381,36182.3
3382,36282.5
3383,36382.9
3384,36483.7
3385,36584.7
3386,36686
3387,36787.5
3388,36889.4
3389,36991.5
3390,37094
3391,37196.7
3392,37299.6
3393,37402.9
3394,37506.5
3395,37610.3
3396,37714.4
3397,37818.9
3398,37923.6
3399,38028.6
3400,38133.9
3401,38239.5
3402,38345.3
3403,38451.5
3404,38558
3405,38664.7
3406,38771.8
3407,38879.1
3408,38986.8
3409,39094.7
3410,39203
3411,39311.5
3412,39420.4
3413,39529.5
3414,39639
3415,39748.7
3416,39858.8
3417,39969.1
3418,40079.8
3419,40190.8
3420,40302
3421,40413.6
3422,40525.5
3423,40637.7
3424,40750.3
3425,40863.1
3426,40976.2
3427,41089.7
3428,41203.5
3429,41317.6
3430,41432
3431,41546.7
3432,41661.7
3433,41777.1
3434,41892.8
3435,42008.8
3436,42125.1
3437,42241.7
3438,42358.7
3439,42476
3440,42593.6
3441,42711.5
3442,42829.8
3443,42948.4
3444,43067.3
3445,43186.6
3446,43306.1
3447,43426.1
3448,43546.3
3449,43666.9
3450,43787.8
3451,43909
3452,44030.6
3453,44152.5
3454,44274.8
3455,44397.4
3456,44520.3
3457,44643.6
3458,44767.2
3459,44891.2
3460,45015.5
3461,45140.2
3462,45265.1
3463,45390.5
3464,45516.2
3465,45642.2
3466,45768.6
3467,45895.3
3468,46022.4
3469,46149.9
3470,46277.7
3471,46405.8
3472,46534.3
3473,46663.2
3474,46792.4
3475,46921.9
3476,47051.9
3477,47182.2
3478,47312.8
3479,47443.8
3480,47575.2
3481,47707
3482,47839.1
3483,47971.5
3484,48104.4
3485,48237.6
3486,48371.2
3487,48505.1
3488,48639.4
3489,48774.1
3490,48909.2
3491,49044.6
3492,49180.4
3493,49316.6
3494,49453.2
3495,49590.1
3496,49727.5
3497,49865.2
3498,50003.3
3499,50141.7
3500,50280.6
3501,50419.8
3502,50559.4
3503,50699.4
3504,50839.8
3505,50980.6
3506,51121.8
3507,51263.4
3508,51405.3
3509,51547.7
3510,51690.4
3511,51833.6
3512,51977.1
3513,52121.1
3514,52265.4
3515,52410.1
3516,52555.3
3517,52700.8
3518,52846.8
3519,52993.1
3520,53139.9
3521,53287
3522,53434.6
3523,53582.6
3524,53730.9
3525,53879.7
3526,54028.9
3527,54178.6
3528,54328.6
3529,54479.1
3530,54629.9
3531,54781.2
3532,54932.9
3533,55085.1
3534,55237.6
3535,55390.6
3536,55544
3537,55697.8
3538,55852
3539,56006.7
3540,56161.8
3541,56317.3
3542,56473.3
3543,56629.7
3544,56786.5
3545,56943.8
3546,57101.5
3547,57259.6
3548,57418.2
3549,57577.2
3550,57736.7
3551,57896.6
3552,58056.9
3553,58217.7
3554,58378.9
3555,58540.6
3556,58702.7
3557,58865.3
3558,59028.3
3559,59191.8
3560,59355.7
3561,59520.1
3562,59684.9
3563,59850.2
3564,60016
3565,60182.2
3566,60348.9
3567,60516
3568,60683.6
3569,60851.7
3570,61020.2
3571,61189.2
3572,61358.6
3573,61528.6
3574,61699
3575,61869.8
3576,62041.2
3577,62213
3578,62385.3
3579,62558.1
3580,62731.3
3581,62905.1
3582,63079.3
3583,63254
3584,63429.2
3585,63604.8
3586,63781
3587,63957.6
3588,64134.8
3589,64312.4
3590,64490.5
3591,64669.1
3592,64848.2
3593,65027.8
3594,65207.9
3595,65388.5
3596,65569.6
3597,65751.2
3598,65933.3
3599,66115.9
3600,66299
3601,66482.6
3602,66666.8
3603,66851.4
3604,67036.6
3605,67222.2
3606,67408.4
3607,67595.1
3608,67782.3
3609,67970
3610,68158.3
3611,68347.1
3612,68536.3
3613,68726.2
3614,68916.5
3615,69107.4
3616,69298.8
3617,69490.7
3618,69683.2
3619,69876.2
3620,70069.7
3621,70263.8
3622,70458.4
3623,70653.5
3624,70849.2
3625,71045.4
3626,71242.2
3627,71439.5
3628,71637.4
3629,71835.8
3630,72034.7
3631,72234.3
3632,72434.3
3633,72634.9
3634,72836.1
3635,73037.8
3636,73240.1
3637,73443
3638,73646.4
3639,73850.4
3640,74054.9
3641,74260
3642,74465.7
3643,74671.9
3644,74878.8
3645,75086.2
3646,75294.1
3647,75502.7
3648,75711.8
3649,75921.5
3650,76131.8
3651,76342.6
3652,76554.1
3653,76766.1
3654,76978.7
3655,77191.9
3656,77405.7
3657,77620.1
3658,77835.1
3659,78050.7
3660,78266.9
3661,78483.6
3662,78701
3663,78919
3664,79137.6
3665,79356.8
3666,79576.6
3667,79797
3668,80018
3669,80239.6
3670,80461.9
3671,80684.7
3672,80908.2
3673,81132.3
3674,81357
3675,81582.4
3676,81808.3
3677,82034.9
3678,82262.1
3679,82490
3680,82718.5
3681,82947.6
3682,83177.3
3683,83407.7
3684,83638.7
3685,83870.4
3686,84102.7
3687,84335.7
3688,84569.2
3689,84803.5
3690,85038.4
3691,85273.9
3692,85510.1
3693,85747
3694,85984.5
3695,86222.6
3696,86461.4
3697,86700.9
3698,86941.1
3699,87181.9
3700,87423.4
3701,87665.5
3702,87908.3
3703,88151.8
3704,88396
3705,88640.8
3706,88886.4
3707,89132.6
3708,89379.4
3709,89627
3710,89875.3
3711,90124.2
3712,90373.8
3713,90624.2
3714,90875.2
3715,91126.9
3716,91379.3
3717,91632.4
3718,91886.2
3719,92140.7
3720,92395.9
3721,92651.9
3722,92908.5
3723,93165.8
3724,93423.9
3725,93682.7
3726,93942.2
3727,94202.4
3728,94463.3
3729,94725
3730,94987.3
3731,95250.4
3732,95514.3
3733,95778.8
3734,96044.1
3735,96310.2
3736,96576.9
3737,96844.5
3738,97112.7
3739,97381.7
3740,97651.4
3741,97921.9
3742,98193.2
3743,98465.2
3744,98737.9
3745,99011.4
3746,99285.6
3747,99560.7
3748,99836.4
3749,100113
3750,100390
3751,100668
3752,100947
3753,101227
3754,101507
3755,101788
3756,102070
3757,102353
3758,102637
3759,102921
3760,103206
3761,103492
3762,103779
3763,104066
3764,104354
3765,104643
3766,104933
3767,105224
3768,105515
3769,105808
3770,106101
3771,106395
3772,106689
3773,106985
3774,107281
3775,107578
3776,107876
3777,108175
3778,108475
3779,108775
3780,109077
3781,109379
3782,109682
3783,109985
3784,110290
3785,110596
3786,110902
3787,111209
3788,111517
3789,111826
3790,112136
3791,112447
3792,112758
3793,113070
3794,113384
3795,113698
3796,114013
3797,114328
3798,114645
3799,114963
3800,115281
3801,115600
3802,115921
3803,116242
3804,116564
3805,116887
3806,117210
3807,117535
3808,117861
3809,118187
3810,118515
3811,118843
3812,119172
3813,119502
3814,119833
3815,120165
3816,120498
3817,120832
3818,121166
3819,121502
3820,121839
3821,122176
3822,122515
3823,122854
3824,123194
3825,123536
3826,123878
3827,124221
3828,124565
3829,124910
3830,125256
3831,125603
3832,125951
3833,126300
3834,126650
3835,127001
3836,127352
3837,127705
3838,128059
3839,128414
3840,128769
3841,129126
3842,129484
3843,129842
3844,130202
3845,130563
3846,130924
3847,131287
3848,131651
3849,132016
3850,132381
3851,132748
3852,133116
3853,133484
3854,133854
3855,134225
3856,134597
3857,134970
3858,135344
3859,135718
3860,136094
3861,136471
3862,136849
3863,137229
3864,137609
3865,137990
3866,138372
3867,138755
3868,139140
3869,139525
3870,139912
3871,140299
3872,140688
3873,141078
3874,141469
3875,141860
3876,142253
3877,142647
3878,143043
3879,143439
3880,143836
3881,144235
3882,144634
3883,145035
3884,145437
3885,145840
3886,146244
3887,146649
3888,147055
3889,147462
3890,147871
3891,148280
3892,148691
3893,149103
3894,149516
3895,149930
3896,150346
3897,150762
3898,151180
3899,151599
3900,152018
3901,152440
3902,152862
3903,153285
3904,153710
3905,154136
3906,154563
3907,154991
3908,155420
3909,155851
3910,156283
3911,156716
3912,157150
3913,157585
3914,158022
3915,158459
3916,158898
3917,159338
3918,159780
3919,160222
3920,160666
3921,161111
3922,161558
3923,162005
3924,162454
3925,162904
3926,163355
3927,163808
3928,164262
3929,164717
3930,165173
3931,165631
3932,166089
3933,166550
3934,167011
3935,167474
3936,167938
3937,168403
3938,168869
3939,169337
3940,169806
3941,170277
3942,170748
3943,171221
3944,171696
3945,172171
3946,172648
3947,173127
3948,173606
3949,174087
3950,174569
3951,175053
3952,175538
3953,176024
3954,176512
3955,177001
3956,177491
3957,177983
3958,178476
3959,178970
3960,179466
3961,179963
3962,180462
3963,180962
3964,181463
3965,181966
3966,182470
3967,182975
3968,183482
3969,183991
3970,184500
3971,185011
3972,185524
3973,186038
3974,186553
3975,187070
3976,187588
3977,188108
3978,188629
3979,189152
3980,189676
3981,190201
3982,190728
3983,191256
3984,191786
3985,192317
3986,192850
3987,193385
3988,193920
3989,194457
3990,194996
3991,195536
3992,196078
3993,196621
3994,197166
3995,197712
3996,198260
3997,198809
3998,199360
3999,199912
4000,200466
4001,201021
4002,201578
4003,202137
4004,202697
4005,203258
4006,203821
4007,204386
4008,204952
4009,205520
4010,206089
4011,206660
4012,207233
4013,207807
4014,208383
4015,208960
4016,209539
4017,210119
4018,210701
4019,211285
4020,211870
4021,212457
4022,213046
4023,213636
4024,214228
4025,214821
4026,215417
4027,216013
4028,216612
4029,217212
4030,217814
4031,218417
4032,219022
4033,219629
4034,220237
4035,220847
4036,221459
4037,222073
4038,222688
4039,223305
4040,223924
4041,224544
4042,225166
4043,225790
4044,226415
4045,227043
4046,227671
4047,228302
4048,228935
4049,229569
4050,230205
4051,230843
4052,231482
4053,232123
4054,232767
4055,233411
4056,234058
4057,234706
4058,235357
4059,236009
4060,236663
4061,237318
4062,237976
4063,238635
4064,239296
4065,239959
4066,240624
4067,241290
4068,241959
4069,242629
4070,243301
4071,243975
4072,244651
4073,245329
4074,246009
4075,246690
4076,247374
4077,248059
4078,248746
4079,249435
4080,250126
4081,250819
4082,251514
4083,252211
4084,252910
4085,253610
4086,254313
4087,255017
4088,255724
4089,256432
4090,257143
4091,257855
4092,258570
4093,259286
4094,260004
4095,260725
